Account No,Predicted_Class,Actual_class
101531259.0,0,0
104832000.0,0,0
105375973.0,0,0
106601471.0,0,0
108481285.0,0,0
108563213.0,0,0
108812033.0,0,0
108931112.0,0,0
111137699.0,0,0
113747882.0,0,0
116169597.0,0,0
116598243.0,0,0
117273481.0,0,0
117308635.0,0,0
119943495.0,0,0
119993184.0,0,0
120634201.0,0,0
121113546.0,0,0
121858569.0,0,0
122884111.0,0,0
124102251.0,0,0
124125096.0,0,0
124377686.0,0,0
126929801.0,0,0
127809299.0,0,0
128030172.0,0,0
128033695.0,0,0
129018172.0,0,0
130154096.0,0,0
130522384.0,0,0
131388684.0,0,0
132400709.0,0,0
133755851.0,0,0
134461671.0,0,0
134847904.0,0,0
135937041.0,0,0
136770968.0,0,0
137822385.0,0,0
137913631.0,0,0
138351025.0,0,0
138609932.0,0,0
138969884.0,0,0
140893085.0,0,0
141521177.0,0,0
142791593.0,0,0
143003091.0,0,0
143061865.0,0,0
143383029.0,0,0
143606916.0,0,0
145387690.0,0,0
145553416.0,0,0
146686559.0,0,0
146909202.0,0,0
147341222.0,0,0
147474476.0,0,0
147508204.0,0,0
149684419.0,0,0
151278285.0,0,0
151916463.0,0,0
151968462.0,0,0
152488934.0,0,0
152616936.0,0,0
154246234.0,0,0
155317149.0,0,0
155867488.0,0,0
158414827.0,0,0
158766229.0,0,0
160166876.0,0,0
162162212.0,0,0
162370388.0,0,0
163470640.0,0,0
165045150.0,0,0
165098840.0,0,0
165691047.0,0,0
166019891.0,0,0
168414279.0,0,0
169006407.0,0,0
169689461.0,0,0
170233640.0,0,0
170637730.0,0,0
172084472.0,0,0
173317688.0,0,0
173335108.0,0,0
175452235.0,0,0
176922958.0,0,0
179173981.0,0,0
180616589.0,0,0
180719578.0,0,0
183186021.0,0,0
183546640.0,1,1
183888402.0,0,0
184430449.0,0,0
187111705.0,0,0
187541224.0,0,0
188263947.0,0,0
189335192.0,0,0
189757473.0,0,0
190874125.0,0,0
191161970.0,0,0
191992682.0,0,0
192202372.0,0,0
194023154.0,0,0
194745206.0,0,0
195895574.0,0,0
196289502.0,0,0
197050303.0,0,0
197779140.0,0,0
197865285.0,0,0
198051483.0,0,0
198630866.0,0,0
198946608.0,0,0
199016328.0,0,0
200080192.0,0,0
202320275.0,0,0
203466392.0,0,0
204855464.0,0,0
208381936.0,0,0
211493028.0,0,0
212560376.0,0,0
213096759.0,0,0
213112754.0,0,0
213930646.0,0,0
214339619.0,0,0
214765415.0,0,0
215311171.0,0,0
215404070.0,0,0
215426302.0,0,0
215832575.0,0,0
216285378.0,0,0
216286013.0,0,0
217540156.0,0,0
218795010.0,0,0
219399150.0,0,0
220183538.0,0,0
221356538.0,0,0
221868392.0,0,0
223207876.0,0,0
224112146.0,0,0
224215364.0,0,0
224524792.0,0,0
225210798.0,0,0
226703987.0,0,0
227104649.0,0,0
228136274.0,0,0
229205098.0,0,0
229502829.0,0,0
233981231.0,0,0
234952520.0,0,0
235310449.0,0,0
235663459.0,0,0
235881534.0,0,0
237493332.0,0,0
237684254.0,0,0
240643705.0,0,0
241459011.0,0,0
242218612.0,0,0
245198540.0,0,0
245690309.0,0,0
246753533.0,0,0
248142083.0,0,0
248625662.0,0,0
248658670.0,0,0
250895529.0,0,0
250957494.0,0,0
252419513.0,0,0
252701364.0,0,0
252760664.0,0,0
252964502.0,0,0
254018059.0,0,0
254853117.0,0,0
255814263.0,0,0
256002321.0,0,0
256045540.0,0,0
257633312.0,0,0
258201793.0,0,0
259015404.0,0,0
261793952.0,0,0
261894284.0,0,0
262767079.0,0,0
263882093.0,0,0
264208990.0,0,0
264550521.0,0,0
266777719.0,0,0
270374623.0,0,0
272538745.0,0,0
274818272.0,0,0
277562576.0,0,0
279149837.0,0,0
280098744.0,0,0
280130290.0,0,0
280200287.0,0,0
280268430.0,0,0
280990953.0,0,0
282046994.0,0,0
282102606.0,0,0
282837512.0,0,0
283027736.0,0,0
284161641.0,0,0
284905540.0,0,0
285115279.0,0,0
285220959.0,0,0
285428103.0,0,0
285873880.0,0,0
286484726.0,0,0
287230540.0,0,0
287480331.0,0,0
290751280.0,0,0
290818242.0,0,0
291128777.0,0,0
291580432.0,0,0
293191074.0,0,1
293609137.0,0,0
294474095.0,0,0
296770890.0,0,0
296972867.0,0,0
297823329.0,0,0
298000165.0,0,0
298007503.0,0,0
299652176.0,0,0
299871610.0,0,0
300095518.0,0,0
303843160.0,0,0
304455868.0,0,0
305778936.0,0,0
308068836.0,0,0
308505160.0,0,0
308897841.0,0,0
310171581.0,0,0
310375875.0,0,0
310620484.0,0,0
310740977.0,0,0
311467864.0,0,0
314980178.0,0,0
315078351.0,0,0
315546581.0,0,0
316793091.0,0,0
317161035.0,0,0
321372947.0,0,0
322221939.0,0,0
322720763.0,0,0
324046160.0,0,0
324224854.0,0,0
329840194.0,0,0
331048953.0,0,0
331450202.0,0,0
331684336.0,0,0
333054026.0,0,0
335698481.0,0,0
336171116.0,0,0
336557504.0,0,0
337184232.0,0,0
337771621.0,0,0
338022396.0,0,0
339791565.0,0,0
340295966.0,0,0
340321732.0,0,0
340680761.0,0,0
344219145.0,0,0
344522228.0,0,0
344843570.0,0,0
345514953.0,0,0
345582855.0,0,0
346874167.0,0,0
347110339.0,0,0
348325817.0,0,0
348460748.0,0,0
348525881.0,0,0
349107386.0,0,0
349614277.0,0,0
350921975.0,0,0
352291960.0,0,0
352899149.0,0,0
354894456.0,0,0
355602925.0,0,0
355733816.0,0,0
355940285.0,0,0
357651163.0,1,1
358836279.0,0,0
358846516.0,0,0
361201224.0,0,0
361955473.0,0,0
364357875.0,0,0
364396689.0,0,0
365608668.0,0,0
366477356.0,0,0
366550080.0,0,0
370521542.0,0,0
370757362.0,0,0
373163757.0,0,0
373875019.0,0,0
374994043.0,0,0
376271050.0,0,0
380228542.0,0,0
380911501.0,0,0
382862215.0,0,0
383345285.0,0,0
383625050.0,0,0
383833857.0,0,0
384497904.0,0,0
385685918.0,0,0
386277162.0,0,0
386729293.0,0,0
387957305.0,0,0
388862238.0,0,0
390747457.0,0,0
391559884.0,0,0
391688371.0,0,0
392270893.0,0,0
392790315.0,0,0
395284483.0,0,0
395654270.0,0,0
398429109.0,0,0
399144202.0,0,0
399538448.0,0,0
401293808.0,0,0
402438092.0,0,0
403383649.0,0,0
403765849.0,0,0
403902116.0,0,0
405416860.0,0,0
405945930.0,0,0
406772240.0,0,0
406862520.0,0,0
407323346.0,0,0
407574996.0,0,0
408057540.0,0,0
409370545.0,0,0
409971170.0,0,0
412823730.0,0,0
413557825.0,0,0
414454079.0,0,0
414805878.0,0,0
416060965.0,0,0
417850087.0,0,0
418717120.0,0,0
419084831.0,0,0
419550103.0,0,0
420109571.0,0,0
421475159.0,0,0
421881811.0,0,0
422955974.0,0,0
423208402.0,0,0
424397946.0,0,0
424927189.0,0,0
425730826.0,0,0
425964226.0,0,0
426466211.0,0,0
426474982.0,0,0
427909748.0,0,0
429235692.0,0,0
429556122.0,0,0
430910686.0,0,0
433837402.0,0,0
433917275.0,0,0
435313070.0,0,0
435984758.0,0,0
436430134.0,0,0
441142605.0,0,0
441274121.0,0,0
442070890.0,0,0
442079728.0,0,0
444371478.0,0,0
444428189.0,0,0
445240363.0,0,0
446720287.0,0,0
448004226.0,0,0
448279144.0,0,0
449387287.0,0,0
449871732.0,0,0
450896297.0,0,0
452974357.0,0,0
454129843.0,0,0
454356905.0,0,0
455052690.0,0,0
455831435.0,0,0
456221621.0,0,0
456246119.0,0,0
460463595.0,0,0
461029994.0,0,0
461990622.0,0,0
462962606.0,0,0
466649401.0,0,0
467207141.0,0,0
469330905.0,0,0
469561218.0,0,0
471897866.0,0,0
472213568.0,0,0
472995101.0,0,0
473820682.0,0,0
474301748.0,0,0
474951915.0,0,0
475117511.0,0,0
475277431.0,0,0
477216513.0,0,0
478412511.0,0,0
478651121.0,0,0
478986718.0,0,0
479366718.0,0,0
479456865.0,0,0
480198977.0,0,0
480557476.0,0,0
482513594.0,0,0
486495235.0,0,0
487051121.0,0,0
489964679.0,0,0
490790931.0,0,0
490868147.0,0,0
491392945.0,0,0
492058070.0,0,0
492215823.0,0,0
492850697.0,0,0
493571342.0,0,0
493640090.0,0,0
493855007.0,0,0
494156462.0,0,0
494156986.0,0,0
494404688.0,0,0
494789005.0,0,0
494977194.0,0,0
496395938.0,0,0
496674181.0,0,0
496865819.0,0,0
497772347.0,0,0
497809732.0,0,0
499244466.0,0,0
499410772.0,0,0
500043411.0,0,0
500051919.0,0,0
500843551.0,0,0
503575533.0,0,0
504055745.0,0,0
506618547.0,0,0
508518911.0,0,0
509627909.0,1,1
510101371.0,0,0
511179916.0,0,0
512989907.0,0,0
514362267.0,0,0
516051449.0,0,0
517190750.0,0,0
517934629.0,0,0
518378868.0,0,0
518466565.0,0,0
518474507.0,0,0
518746136.0,0,0
519644021.0,0,0
519649533.0,0,0
519933553.0,0,0
519935524.0,0,0
520239952.0,0,0
520418719.0,0,0
520447032.0,0,0
521611005.0,0,0
522188082.0,0,0
524425303.0,0,0
525524239.0,0,0
527842638.0,0,0
531186970.0,0,0
532478725.0,0,0
532525712.0,0,0
534097839.0,0,0
534204159.0,0,0
534325901.0,0,0
534583529.0,0,0
534908754.0,0,0
535273662.0,0,0
535744551.0,0,0
535804582.0,0,0
536924114.0,0,0
537487133.0,0,0
538003940.0,0,0
540159353.0,0,0
541639148.0,0,0
544961962.0,0,0
546296727.0,0,0
546760202.0,0,0
547010927.0,0,0
548549094.0,1,0
548638376.0,0,0
548907062.0,0,0
549414742.0,0,0
550169791.0,0,0
550644516.0,0,0
550832673.0,0,0
551196328.0,0,0
551755686.0,0,0
552980092.0,0,0
553734946.0,0,0
554771381.0,0,1
554792076.0,0,0
555393405.0,0,0
555804115.0,0,0
556631012.0,0,0
556992209.0,0,0
558119802.0,0,0
558875206.0,0,0
559995067.0,0,0
564214408.0,0,0
564744955.0,0,0
565175333.0,0,0
567499591.0,1,1
569687509.0,0,0
570269025.0,0,0
570323670.0,0,0
570410059.0,0,0
570575024.0,0,0
572136270.0,0,0
572333122.0,0,0
572384506.0,0,0
574548998.0,0,0
575652395.0,0,0
576188756.0,0,0
578131296.0,0,0
581618317.0,0,0
581655972.0,0,0
583558311.0,0,0
583579399.0,0,0
585133606.0,0,0
585596026.0,0,0
585625048.0,0,0
586041848.0,0,0
586315521.0,0,0
587202562.0,0,0
587225252.0,0,0
588565416.0,0,0
592961759.0,1,1
593191200.0,0,0
593378953.0,0,0
595800644.0,0,0
596171893.0,0,0
596328017.0,0,0
596463612.0,0,0
598586358.0,0,0
598793068.0,0,0
600185455.0,0,0
600585971.0,0,0
601627384.0,0,0
603375739.0,0,0
603721739.0,0,0
604288474.0,0,0
604334058.0,0,0
604870380.0,0,0
605116158.0,0,0
605711527.0,0,0
607629901.0,0,0
609939116.0,0,0
610450243.0,0,0
610645022.0,0,0
611143859.0,0,0
612304466.0,0,0
613427466.0,0,0
613729471.0,0,0
615144184.0,0,0
616924659.0,0,0
618138606.0,0,0
618514666.0,0,0
620227043.0,0,0
621181115.0,0,0
621652856.0,0,0
623156843.0,0,0
624500124.0,0,0
624563756.0,0,0
625281433.0,0,0
625658193.0,0,0
626989363.0,0,0
627622066.0,0,0
627723633.0,0,0
627917561.0,0,0
627936697.0,0,0
628470485.0,0,0
629078930.0,0,0
630468201.0,0,0
630691258.0,0,0
631111289.0,0,0
631744379.0,0,0
632065391.0,0,0
633345190.0,0,0
635679314.0,0,0
637433131.0,0,0
637649383.0,0,0
639409800.0,0,0
639420537.0,0,0
639549973.0,0,0
641376155.0,0,0
641764023.0,0,0
642015139.0,0,0
642924505.0,0,0
643610517.0,0,0
644751433.0,0,0
647472692.0,0,0
647936800.0,0,0
648644594.0,0,0
651372390.0,0,0
651756497.0,0,0
652048867.0,0,0
653640811.0,0,0
653667523.0,0,0
654329190.0,0,0
655368335.0,0,0
655450953.0,0,0
655730067.0,0,0
656317661.0,0,0
656389634.0,0,0
656781737.0,0,0
656812046.0,0,0
657139925.0,0,0
657528784.0,0,0
659008214.0,0,0
659415300.0,0,0
660561861.0,0,0
660789920.0,0,0
660874296.0,0,0
661295096.0,0,0
662610817.0,0,0
663479159.0,0,0
666952234.0,0,0
667367404.0,0,0
668175891.0,0,0
668329719.0,0,0
668692488.0,0,0
669503912.0,0,0
670102069.0,0,0
670427480.0,0,0
671824917.0,0,1
672913754.0,0,0
672994751.0,0,0
673025413.0,0,0
673818591.0,0,0
675231808.0,0,0
675398089.0,0,0
675806859.0,0,0
678330503.0,0,0
678726554.0,0,0
678851253.0,0,0
679662108.0,0,0
679911053.0,0,0
679943657.0,0,0
680773155.0,0,0
681955876.0,0,0
682194230.0,0,0
683078800.0,0,0
683319988.0,0,0
684284526.0,0,0
684988568.0,0,0
685959099.0,0,0
687135796.0,0,0
688328251.0,0,0
688712152.0,0,0
690523499.0,0,0
690941877.0,1,1
690958123.0,0,0
691012931.0,0,0
691789577.0,0,0
691843653.0,0,0
695607232.0,0,0
696333897.0,0,0
696758548.0,0,0
697140785.0,0,0
698076160.0,0,0
698955014.0,0,0
699139822.0,0,0
699313649.0,0,0
699997811.0,0,0
700138124.0,0,0
701070224.0,0,0
703478110.0,0,0
703537476.0,0,0
703588001.0,0,0
704517789.0,0,0
705848712.0,0,0
706250160.0,0,0
706301742.0,0,0
706361191.0,0,0
709142813.0,0,0
709151315.0,0,0
709608057.0,0,0
709632525.0,0,0
709935470.0,0,0
711045550.0,0,0
711140907.0,0,0
712474734.0,0,0
713057426.0,0,0
713641917.0,0,0
713910252.0,0,0
715068825.0,0,0
718058208.0,0,0
719586818.0,0,0
719742742.0,0,0
720221651.0,0,0
720742759.0,0,0
721393911.0,0,0
722358036.0,0,0
722971557.0,0,0
724537117.0,1,0
724997545.0,1,0
726913482.0,0,0
727417797.0,0,0
730002588.0,0,0
734161378.0,0,0
736310094.0,0,0
736340277.0,0,0
737537711.0,0,0
737547541.0,0,0
737645298.0,0,0
738958551.0,0,0
741269136.0,0,0
741903302.0,0,0
742223719.0,0,0
743630833.0,0,0
744211756.0,0,0
744398361.0,0,0
744968736.0,0,0
749371623.0,0,0
749378808.0,0,0
750094757.0,0,0
750898750.0,1,0
752362502.0,0,0
753525749.0,0,0
754141345.0,0,0
757115616.0,0,0
758160963.0,0,0
758885184.0,0,0
760704118.0,0,0
760753808.0,0,0
761272540.0,0,0
762700245.0,0,0
762785862.0,0,0
762859681.0,0,0
762896656.0,0,0
764450279.0,0,0
766692943.0,0,0
766812921.0,0,0
766941757.0,0,0
767447966.0,0,0
768271776.0,0,0
769311479.0,0,0
769319491.0,0,0
771125520.0,0,0
773633520.0,0,0
775790822.0,0,0
776108637.0,0,0
776431321.0,0,0
779236304.0,0,0
779376323.0,0,0
779620857.0,0,0
779816907.0,0,0
779946617.0,0,0
780463728.0,0,0
780859359.0,0,0
781554833.0,0,0
782013626.0,0,0
782058249.0,0,0
783650950.0,0,0
785210466.0,0,0
785749304.0,0,0
786141370.0,0,0
786879739.0,0,0
786927378.0,0,0
788740658.0,0,0
792845450.0,0,0
793781222.0,0,0
795847804.0,0,0
796709231.0,0,0
797184978.0,0,0
799286313.0,0,0
799453072.0,0,0
799861885.0,0,0
801500539.0,0,0
802697323.0,0,0
804317849.0,0,0
806358207.0,0,0
807098817.0,0,0
807714284.0,0,0
809499628.0,0,0
812012103.0,0,0
812692024.0,0,0
812839908.0,0,0
815385232.0,0,0
815993333.0,0,0
816685391.0,0,0
817294757.0,0,0
818552503.0,0,0
819515373.0,0,0
820686957.0,0,0
821971408.0,0,0
822135975.0,0,0
822250278.0,0,0
822718326.0,0,0
823208989.0,0,0
824218857.0,0,0
824916823.0,0,0
826597014.0,0,0
828532554.0,0,0
828750680.0,0,0
829914501.0,0,0
832564361.0,0,0
833499132.0,0,0
833899961.0,0,0
834383043.0,0,0
834581602.0,0,0
835736339.0,0,0
835829467.0,0,0
836110591.0,0,0
836655156.0,0,0
837876918.0,0,0
838415080.0,0,0
838830098.0,0,0
842682241.0,0,0
843174694.0,0,0
843537309.0,0,0
844206657.0,0,0
844835978.0,0,0
845648250.0,0,0
846550094.0,0,0
848118081.0,0,0
849096144.0,0,0
850290152.0,0,0
851181128.0,0,0
851649498.0,0,0
853907490.0,0,0
854513972.0,0,0
854895960.0,0,0
855129444.0,0,0
856147482.0,0,0
856461967.0,0,0
856957948.0,0,0
857455726.0,0,0
857754342.0,0,0
857997794.0,0,0
858560423.0,0,0
858989281.0,0,0
859264768.0,0,0
859603181.0,0,0
860360312.0,0,0
865748375.0,0,0
866941383.0,0,0
867679563.0,0,0
867987292.0,0,0
868014990.0,0,0
868033067.0,0,0
868377987.0,0,0
871200314.0,0,0
871866387.0,0,0
872286364.0,0,0
872874909.0,0,0
873693307.0,0,0
873701090.0,0,0
874431242.0,0,0
874506295.0,0,0
876890798.0,0,0
878989510.0,0,0
879091637.0,0,0
880546403.0,0,0
885259672.0,0,0
886837068.0,0,0
886921642.0,0,0
887156614.0,0,0
887853850.0,0,0
889916166.0,0,0
890196840.0,0,0
890567652.0,0,0
890830949.0,0,0
891513205.0,0,0
891716230.0,0,0
892354433.0,0,0
893134725.0,0,0
895331556.0,0,0
895750759.0,0,0
896821055.0,0,0
897592348.0,0,0
897714622.0,0,0
898104045.0,0,0
899692478.0,0,0
899742927.0,0,0
899983008.0,0,0
901037631.0,0,0
901432314.0,0,0
902798190.0,0,0
903468956.0,0,0
903663593.0,0,0
903953091.0,0,0
904154012.0,0,0
905860285.0,0,0
907987693.0,0,0
909669130.0,0,0
909676212.0,0,0
910730524.0,0,0
912584712.0,0,0
912705941.0,0,0
913127700.0,0,0
913801979.0,0,0
914806976.0,0,0
915666111.0,0,0
916225911.0,0,0
916270283.0,0,0
918160369.0,0,0
918772878.0,0,0
919185264.0,0,0
920031185.0,0,0
920830317.0,0,0
923322792.0,0,0
924045955.0,0,0
925037906.0,0,0
925659248.0,0,0
929044080.0,0,0
930271460.0,0,0
930277104.0,0,0
932820758.0,0,0
933491926.0,0,0
933745726.0,0,0
936813994.0,0,0
936917570.0,0,0
938992364.0,0,0
939972497.0,0,0
940569402.0,0,0
941285623.0,0,0
943329213.0,0,0
943829984.0,0,0
945054126.0,0,0
948069469.0,0,0
948558249.0,0,0
949032480.0,0,0
950234174.0,0,0
951817450.0,0,0
952921898.0,1,0
954263768.0,0,0
955035930.0,0,0
956717493.0,0,0
957821152.0,0,0
960208650.0,0,0
961077907.0,0,0
962295212.0,0,0
964702094.0,0,0
964913066.0,0,0
965038148.0,0,0
967989787.0,0,0
969697937.0,0,0
969804197.0,0,0
970298834.0,0,0
971010829.0,0,0
971129830.0,0,0
973086490.0,0,0
973388795.0,0,0
975200042.0,0,0
975345315.0,0,0
977899503.0,0,0
978410962.0,0,0
978951113.0,0,0
979122276.0,0,0
979135922.0,0,0
979892433.0,0,0
980500334.0,0,0
982286721.0,0,0
982949451.0,0,0
984783496.0,0,0
985188462.0,0,0
986267641.0,0,0
986774156.0,0,0
987163717.0,0,0
987229118.0,0,0
987390838.0,0,0
987656636.0,0,0
989506909.0,0,0
990461108.0,0,0
990894155.0,0,0
992204045.0,0,0
993039226.0,0,0
993238248.0,0,0
993663752.0,0,0
994214354.0,0,0
994947671.0,0,0
995615876.0,0,0
996042490.0,0,0
998390769.0,0,0
998405607.0,0,0
999752672.0,0,0
